{
  "_generated": "Generated by jdf.scr.ir",
  "description": "تقویم هجری شمسی،قمری و میلادی در میز‌کار گنوم لینوکس\nقابلیت نمایش اوقات شرعی و پخش اذان\nدرج تعطیلی‌ها و مناسبت‌های رسمی تقویم\nزبان کاملاً فارسی\nتاریخ قمری هلالی ایران\nسازگار با اکثر نسخه‌های گنوم\nدر حال توسعه...\n\nShows Persian + Islamic + Gregorian date in the panel of gnome.\n\nIt shows:\n1- Persian calendar\n2- It can show, today is holiday or not!\n3- Show notification onDayChanged!\n4- Date converter between Persian, Gregorian and Lunar Hijri(Islamic)\n5- Show calendar Events.\n6- Show PrayTimes and play sound (Azan).\n\nPlease \"rate\" here and \"star\" project in GitHub.\nPlease open an issue in GitHub if you found something or have an idea!\nگزارش مشکلات:\nhttps://github.com/SCR-IR/gnome-shamsi-calendar/issues",
  "name": "Iranian Persian Calendar",
  "original-authors": "jdf.scr.ir",
  "shell-version": [
    "3.36",
    "3.38",
    "40",
    "41",
    "42",
    "43",
    "44"
  ],
  "url": "https://github.com/scr-ir/gnome-shamsi-calendar",
  "uuid": "shamsi-calendar@gnome.scr.ir",
  "version": 27
}
