{
  "_generated": "Generated by SweetTooth, do not edit",
  "description": "\u062a\u0642\u0648\u06cc\u0645 \u0647\u062c\u0631\u06cc \u0634\u0645\u0633\u06cc\u060c\u0642\u0645\u0631\u06cc \u0648 \u0645\u06cc\u0644\u0627\u062f\u06cc \u062f\u0631 \u0645\u06cc\u0632\u200c\u06a9\u0627\u0631 \u06af\u0646\u0648\u0645 \u0644\u06cc\u0646\u0648\u06a9\u0633\n\u0642\u0627\u0628\u0644\u06cc\u062a \u0646\u0645\u0627\u06cc\u0634 \u0627\u0648\u0642\u0627\u062a \u0634\u0631\u0639\u06cc \u0648 \u067e\u062e\u0634 \u0627\u0630\u0627\u0646\n\u062f\u0631\u062c \u062a\u0639\u0637\u06cc\u0644\u06cc\u200c\u0647\u0627 \u0648 \u0645\u0646\u0627\u0633\u0628\u062a\u200c\u0647\u0627\u06cc \u0631\u0633\u0645\u06cc \u062a\u0642\u0648\u06cc\u0645\n\u0632\u0628\u0627\u0646 \u06a9\u0627\u0645\u0644\u0627\u064b \u0641\u0627\u0631\u0633\u06cc\n\u062a\u0627\u0631\u06cc\u062e \u0642\u0645\u0631\u06cc \u0647\u0644\u0627\u0644\u06cc \u0627\u06cc\u0631\u0627\u0646\n\u0633\u0627\u0632\u06af\u0627\u0631 \u0628\u0627 \u0627\u06a9\u062b\u0631 \u0646\u0633\u062e\u0647\u200c\u0647\u0627\u06cc \u06af\u0646\u0648\u0645\n\u062f\u0631 \u062d\u0627\u0644 \u062a\u0648\u0633\u0639\u0647...\n\nShows Persian + Islamic + Gregorian date in the panel of gnome.\n\nIt shows:\n1- Persian calendar\n2- It can show, today is holiday or not!\n3- Show notification onDayChanged!\n4- Date converter between Persian, Gregorian and Lunar Hijri(Islamic)\n5- Show calendar Events.\n6- Show PrayTimes and play sound (Azan).\n\nPlease \"rate\" here and \"star\" project in GitHub.\nPlease open an issue in GitHub if you found something or have an idea!\n\u06af\u0632\u0627\u0631\u0634 \u0645\u0634\u06a9\u0644\u0627\u062a:\nhttps://github.com/SCR-IR/gnome-shamsi-calendar/issues",
  "name": "Iranian Persian Calendar",
  "original-authors": "jdf.scr.ir",
  "shell-version": [
    "3.20",
    "3.22",
    "3.24",
    "3.26",
    "3.28",
    "3.30",
    "3.34",
    "3.32",
    "3.36",
    "3.38"
  ],
  "url": "https://github.com/scr-ir/gnome-shamsi-calendar",
  "uuid": "shamsi-calendar@gnome.scr.ir",
  "version": 5
}